date,horaire,team_home,team_away,score,cote1,coteN,cote2
20102017,19:30,Drochtersen/Assel,Braunschweig II,1 : 1,-,-,-
20102017,19:30,Hannover II,Havelse,2 : 2,-,-,-
22102017,14:00,Lubeck,Egestorf-Langreder,0 : 2,-,-,-
22102017,15:00,Eutin,BSV Rehden,1 : 3,-,-,-
22102017,16:00,Jeddeloh,SC Weiche-08,1 : 2,-,-,-
22102017,13:00,Hamburger SV II,Oldenburg,6 : 0,-,-,-
22102017,14:00,St. Pauli II,Luneburger Hansa,1 : 1,-,-,-
22102017,14:00,Wolfsburg II,Altona,6 : 1,-,-,-
22102017,15:00,Hildesheim,Norderstedt,0 : 2,-,-,-
